timestamp,frame,hand,gesture,direction,center_x,center_y,velocity_x_px_s,velocity_y_px_s,speed_px_s,normalized_speed,pinch_distance_px,thumb_open,index_open,middle_open,ring_open,pinky_open,lm0_x,lm0_y,lm0_z,lm1_x,lm1_y,lm1_z,lm2_x,lm2_y,lm2_z,lm3_x,lm3_y,lm3_z,lm4_x,lm4_y,lm4_z,lm5_x,lm5_y,lm5_z,lm6_x,lm6_y,lm6_z,lm7_x,lm7_y,lm7_z,lm8_x,lm8_y,lm8_z,lm9_x,lm9_y,lm9_z,lm10_x,lm10_y,lm10_z,lm11_x,lm11_y,lm11_z,lm12_x,lm12_y,lm12_z,lm13_x,lm13_y,lm13_z,lm14_x,lm14_y,lm14_z,lm15_x,lm15_y,lm15_z,lm16_x,lm16_y,lm16_z,lm17_x,lm17_y,lm17_z,lm18_x,lm18_y,lm18_z,lm19_x,lm19_y,lm19_z,lm20_x,lm20_y,lm20_z,index_pip_angle,middle_pip_angle,ring_pip_angle,pinky_pip_angle,index_dip_angle,middle_dip_angle,ring_dip_angle,pinky_dip_angle,thumb_ip_angle,track_id,video_time_s
2026-10-09T17:34:56.030,849,Right,4 fingers open,diam,584.993,318.819,0.0,0.0,0.0,0.0,98.246,0,1,1,1,1,0.480883,0.624503,0.0,0.524211,0.551053,-0.003744,0.529722,0.438462,-0.005604,0.510448,0.354252,-0.005098,0.488574,0.305943,-0.005454,0.517667,0.396782,-0.029357,0.530775,0.286945,-0.044073,0.533834,0.23328,-0.048068,0.538298,0.201995,-0.048008,0.471802,0.38349,-0.031595,0.46059,0.250367,-0.044247,0.453261,0.181114,-0.044673,0.45186,0.140581,-0.04287,0.427022,0.39449,-0.033219,0.398177,0.273011,-0.04692,0.386025,0.205151,-0.052626,0.380509,0.162349,-0.053778,0.387754,0.414754,-0.033303,0.355752,0.306682,-0.047693,0.339339,0.229042,-0.054036,0.329367,0.16788,-0.055899,173.808,177.86,174.774,172.833,171.554,172.86,175.245,175.568,163.309,1,
2026-10-09T17:35:02.016,927,Left,pinch / OK,diam,476.64,264.206,0.0,0.0,0.0,0.0,47.146,0,0,0,0,1,0.309658,0.503607,0.0,0.301788,0.402341,0.005452,0.325902,0.317391,-0.001558,0.3603,0.272687,-0.012299,0.396406,0.263177,-0.022138,0.346393,0.273949,-0.011968,0.392913,0.206346,-0.032197,0.417931,0.199185,-0.042695,0.42152,0.215277,-0.045675,0.375713,0.300458,-0.024256,0.432475,0.220254,-0.039126,0.455294,0.218413,-0.042612,0.45443,0.235941,-0.041766,0.403526,0.347366,-0.036623,0.460587,0.272529,-0.044831,0.479305,0.267525,-0.03761,0.478519,0.275186,-0.030679,0.426586,0.409381,-0.048955,0.475915,0.356767,-0.05238,0.4972,0.338148,-0.044605,0.504637,0.327409,-0.03645,149.883,144.12,152.136,175.238,102.48,82.393,71.113,167.117,152.26,2,
2026-10-09T17:35:02.133,928,Left,pinch / OK,atas-kanan,514.694,217.694,106.549,-130.233,168.265,0.131457,52.932,0,0,0,0,1,0.33325,0.457951,0.0,0.327274,0.343821,0.017605,0.347238,0.260436,0.020527,0.377764,0.221253,0.018539,0.405731,0.213014,0.018454,0.373683,0.204096,0.010337,0.416177,0.131056,0.007054,0.429766,0.127494,0.010058,0.426123,0.149058,0.015453,0.407876,0.230748,-0.003263,0.45374,0.14503,-0.00356,0.466736,0.128903,0.000745,0.460318,0.142322,0.006732,0.43675,0.277481,-0.015928,0.483107,0.199362,-0.014108,0.495715,0.18158,-0.006113,0.48909,0.181526,0.001281,0.458961,0.341487,-0.027333,0.503975,0.290745,-0.023189,0.519927,0.26546,-0.013822,0.520504,0.250553,-0.004354,144.353,168.483,174.959,170.656,64.897,14.71,38.693,135.663,153.579,2,
2026-10-09T17:35:02.240,929,Left,pointing,atas-kanan,540.788,187.237,153.046,-182.448,238.139,0.186046,62.426,0,1,0,0,0,0.363628,0.428496,-0.0,0.345624,0.322197,0.020783,0.360999,0.233593,0.026972,0.38725,0.181581,0.028408,0.414167,0.164773,0.030917,0.389249,0.166059,0.012989,0.425054,0.085686,0.017703,0.442338,0.084459,0.025334,0.446662,0.100119,0.031554,0.425969,0.187006,0.000413,0.466384,0.097933,0.00832,0.475384,0.108373,0.014847,0.470416,0.133292,0.019032,0.4567,0.229824,-0.00982,0.498308,0.14139,-0.002326,0.500998,0.156655,0.006837,0.490587,0.181734,0.011781,0.476907,0.288873,-0.018299,0.514953,0.241203,-0.01141,0.524377,0.237863,-0.00226,0.522464,0.241812,0.004608,130.664,95.765,57.307,156.101,113.862,103.612,126.177,37.988,151.256,2,
2026-10-09T17:35:02.344,930,Left,fist,atas-kanan,554.283,150.324,142.813,-237.121,276.807,0.216255,88.157,0,0,0,0,0,0.36495,0.373553,-0.0,0.378891,0.334603,0.014318,0.399503,0.274242,0.017599,0.420258,0.22846,0.017105,0.437777,0.201782,0.016588,0.440472,0.194683,0.011352,0.49333,0.170174,0.010667,0.507202,0.173896,0.010448,0.506297,0.189408,0.011667,0.451378,0.161753,0.001774,0.499978,0.091316,0.002848,0.512463,0.098038,0.005983,0.510337,0.1226,0.009401,0.455377,0.151568,-0.006856,0.496717,0.073238,-0.004528,0.506294,0.087935,0.000158,0.503957,0.111428,0.003377,0.452991,0.162358,-0.014113,0.484746,0.114415,-0.008866,0.493527,0.117948,-0.000844,0.49121,0.132003,0.005372,156.8,123.963,92.374,126.91,92.661,98.101,120.774,86.418,169.449,2,
2026-10-09T17:35:02.452,931,Left,pinch / OK,atas,558.102,113.666,104.981,-270.768,290.408,0.226881,40.828,0,0,0,0,1,0.360972,0.313548,-0.0,0.35183,0.221891,0.029159,0.373897,0.152434,0.04027,0.402412,0.123715,0.043325,0.43007,0.118638,0.045923,0.411601,0.081204,0.041872,0.445856,0.052963,0.050917,0.457853,0.069479,0.054843,0.457927,0.091017,0.056582,0.443708,0.092324,0.024691,0.479211,0.040996,0.034665,0.492121,0.061139,0.035744,0.492532,0.093134,0.035201,0.47078,0.125839,0.00842,0.509848,0.066457,0.014353,0.52559,0.091494,0.014555,0.528434,0.124164,0.01303,0.493027,0.176428,-0.005578,0.531492,0.154339,-0.000716,0.545972,0.170401,0.003631,0.547271,0.191762,0.006351,117.367,99.609,97.653,130.137,128.101,132.581,140.613,128.132,156.364,2,
2026-10-09T17:37:19.153,2348,Right,4 fingers open,diam,1042.094,493.115,0.0,0.0,0.0,0.0,132.912,0,1,1,1,1,0.826324,0.854972,0.0,0.768568,0.82635,-0.015809,0.720787,0.767448,-0.025671,0.699986,0.707677,-0.035254,0.709857,0.675798,-0.044158,0.765906,0.66629,-0.011912,0.750015,0.584879,-0.026301,0.736602,0.534332,-0.03969,0.72252,0.492576,-0.049865,0.797947,0.642369,-0.014858,0.788989,0.551682,-0.028635,0.774174,0.49604,-0.040985,0.757574,0.458283,-0.049725,0.826934,0.630913,-0.020274,0.817158,0.54024,-0.033818,0.800417,0.487448,-0.042966,0.782762,0.457839,-0.04788,0.853567,0.629866,-0.027417,0.84386,0.549297,-0.038646,0.82749,0.50224,-0.043498,0.807531,0.474442,-0.045824,173.883,164.629,161.438,160.354,174.31,167.319,162.744,159.812,119.424,3,
2026-10-09T17:38:25.980,3047,Left,4 fingers open,diam,377.488,464.6,0.0,0.0,0.0,0.0,95.328,0,1,1,1,1,0.246432,0.838456,0.0,0.269332,0.727193,0.032811,0.304449,0.63233,0.031138,0.346453,0.582014,0.020515,0.383388,0.565855,0.009038,0.289677,0.538556,-0.009846,0.377569,0.482843,-0.027131,0.428476,0.506473,-0.031765,0.456772,0.543273,-0.031136,0.294794,0.558181,-0.037335,0.402338,0.475509,-0.051148,0.450729,0.506111,-0.046988,0.472125,0.544252,-0.040844,0.310272,0.608653,-0.061217,0.412898,0.521988,-0.071808,0.46089,0.549694,-0.061739,0.481177,0.587238,-0.051956,0.333388,0.682545,-0.082075,0.418641,0.616134,-0.083932,0.460658,0.626845,-0.070619,0.483541,0.64996,-0.05882,145.742,137.035,136.601,148.177,158.447,154.503,151.84,158.554,159.853,4,
2026-10-09T17:38:26.094,3048,Left,rock,kanan,394.809,470.345,48.5,16.085,51.097,0.03992,100.26,0,1,0,0,1,0.261748,0.862731,0.0,0.273792,0.735048,0.040421,0.30232,0.637934,0.041784,0.341537,0.59011,0.03244,0.381604,0.573499,0.022203,0.294883,0.541888,0.004921,0.387667,0.478245,-0.008564,0.436362,0.509261,-0.012692,0.45941,0.55746,-0.011184,0.306042,0.561228,-0.02481,0.412734,0.472404,-0.031273,0.459334,0.515083,-0.026915,0.475057,0.568303,-0.02138,0.326529,0.612707,-0.050364,0.426068,0.514936,-0.05443,0.471202,0.553812,-0.042674,0.48378,0.601172,-0.032314,0.353023,0.687732,-0.072337,0.438956,0.610868,-0.068764,0.476474,0.628121,-0.051738,0.489857,0.656972,-0.037171,139.191,127.651,125.229,138.789,150.079,144.964,141.124,144.015,158.678,4,
2026-10-09T17:38:26.210,3049,Left,rock,diam,385.266,473.24,1.159,19.666,19.7,0.015391,96.065,0,1,0,0,1,0.254525,0.872549,0.0,0.26899,0.743775,0.042919,0.296967,0.646324,0.045171,0.335458,0.597058,0.035469,0.373094,0.579124,0.024383,0.28571,0.550529,0.011106,0.373688,0.482752,6.6e-05,0.422295,0.504944,-0.003348,0.445683,0.545229,-0.002431,0.29812,0.56707,-0.020403,0.39771,0.471076,-0.023905,0.444032,0.50951,-0.017963,0.459037,0.556955,-0.012586,0.31942,0.613242,-0.048013,0.413094,0.503855,-0.049175,0.456757,0.541359,-0.035545,0.468906,0.58919,-0.025416,0.34717,0.682997,-0.072218,0.425003,0.597605,-0.067622,0.463403,0.607705,-0.051029,0.479592,0.631423,-0.037675,142.168,126.515,120.913,139.904,150.308,144.367,140.09,148.923,159.252,4,
2026-10-09T17:38:26.313,3050,Left,3 fingers open,bawah-kiri,375.265,480.074,-31.358,34.728,46.791,0.036555,112.431,0,1,1,0,1,0.252249,0.88738,0.0,0.272314,0.766836,0.036878,0.30063,0.669308,0.037554,0.336461,0.614484,0.027615,0.370172,0.588494,0.01683,0.279502,0.560358,0.005525,0.37176,0.495724,-0.008163,0.424767,0.51383,-0.014912,0.455051,0.54831,-0.01657,0.288319,0.576682,-0.023774,0.392914,0.490215,-0.029227,0.44363,0.520045,-0.026662,0.46628,0.560698,-0.024284,0.308288,0.6216,-0.049655,0.403086,0.521232,-0.051867,0.451324,0.551452,-0.041691,0.471338,0.593313,-0.034358,0.337524,0.687828,-0.072817,0.412537,0.597395,-0.068208,0.450292,0.600957,-0.05272,0.469291,0.619276,-0.040641,147.616,136.755,129.812,142.82,158.239,153.033,149.776,154.563,162.728,4,
2026-10-09T17:38:26.413,3051,Left,4 fingers open,bawah-kiri,368.139,484.599,-43.057,36.971,56.751,0.044337,91.46,0,1,1,1,1,0.247005,0.894326,0.0,0.266374,0.777565,0.037791,0.295805,0.683568,0.040712,0.333828,0.632761,0.032873,0.368367,0.610261,0.024411,0.269949,0.571544,0.014995,0.357167,0.506113,0.004871,0.405381,0.519127,-0.00158,0.43182,0.551859,-0.003665,0.28149,0.585459,-0.014045,0.37868,0.5034,-0.016561,0.425757,0.52424,-0.015614,0.447352,0.558829,-0.014916,0.303711,0.626645,-0.040058,0.392437,0.529219,-0.040408,0.437709,0.55016,-0.032378,0.457708,0.584859,-0.026834,0.33589,0.687297,-0.063335,0.407255,0.596327,-0.057522,0.44354,0.598836,-0.042643,0.462456,0.617215,-0.031247,148.488,140.614,133.714,142.131,153.781,151.963,150.281,153.571,163.195,4,
2026-10-09T17:38:26.518,3052,Left,3 fingers open,bawah-kiri,359.213,489.104,-61.581,40.985,73.973,0.057791,81.168,0,1,1,0,1,0.237155,0.903078,0.0,0.256377,0.780677,0.043307,0.28679,0.689599,0.049357,0.329955,0.645024,0.043447,0.368456,0.626275,0.037145,0.26069,0.581757,0.024598,0.350217,0.517074,0.016216,0.397114,0.535252,0.009813,0.423978,0.571811,0.007943,0.274306,0.592902,-0.00618,0.374463,0.510022,-0.006388,0.418295,0.540417,-0.00532,0.436158,0.58557,-0.004132,0.29863,0.63056,-0.033618,0.390872,0.534666,-0.030683,0.431479,0.567224,-0.020466,0.446106,0.609529,-0.013208,0.332395,0.68826,-0.058115,0.403993,0.598862,-0.048487,0.436688,0.604842,-0.031046,0.451503,0.623266,-0.017704,145.583,133.73,125.407,139.044,154.866,146.429,145.853,150.901,165.167,4,
2026-10-09T17:38:26.641,3053,Left,3 fingers open,bawah-kiri,360.292,489.551,-36.593,28.062,46.114,0.036026,86.629,0,1,1,0,1,0.238507,0.90007,0.0,0.253182,0.771586,0.043295,0.281719,0.678236,0.048697,0.322564,0.630428,0.042392,0.361122,0.613365,0.035432,0.260051,0.57949,0.021885,0.349532,0.514526,0.013311,0.3956,0.528408,0.006951,0.422278,0.561826,0.005034,0.275343,0.593959,-0.008794,0.373302,0.509241,-0.009699,0.417488,0.536792,-0.0089,0.4366,0.581587,-0.008106,0.300038,0.633783,-0.035862,0.390342,0.535987,-0.032968,0.430843,0.564937,-0.023236,0.447008,0.606276,-0.016771,0.333454,0.692356,-0.0599,0.402705,0.601373,-0.050215,0.435851,0.604691,-0.033339,0.451929,0.621284,-0.020764,148.165,134.731,126.748,140.312,154.451,146.508,146.711,153.086,160.617,4,
2026-10-09T17:38:26.759,3054,Left,4 fingers open,bawah-kiri,356.162,495.313,-35.349,34.375,49.308,0.038521,90.459,0,1,1,1,1,0.239119,0.906555,0.0,0.253641,0.783654,0.036921,0.279757,0.691471,0.041205,0.319541,0.645324,0.035245,0.354623,0.627829,0.029116,0.255437,0.592861,0.021399,0.340314,0.532187,0.014923,0.386051,0.536979,0.009774,0.414106,0.559988,0.008074,0.271012,0.604739,-0.005149,0.363591,0.524329,-0.0042,0.405006,0.542091,-0.002792,0.425313,0.573955,-0.001912,0.295926,0.640532,-0.028815,0.382706,0.553478,-0.023613,0.41855,0.575479,-0.014039,0.43404,0.607488,-0.008284,0.329766,0.694989,-0.050194,0.395591,0.611042,-0.038099,0.423291,0.614343,-0.020987,0.436769,0.629057,-0.008628,154.722,140.398,131.518,140.511,158.607,152.132,149.751,152.281,162.545,4,
2026-10-09T17:38:26.865,3055,Left,3 fingers open,diam,357.958,496.879,-17.211,27.372,32.333,0.02526,70.604,0,1,1,0,1,0.243679,0.91016,0.0,0.262966,0.800273,0.028969,0.292671,0.713411,0.02945,0.337639,0.667272,0.020885,0.375756,0.648587,0.013046,0.254351,0.596859,0.016598,0.34174,0.537227,0.007956,0.388302,0.549975,0.000553,0.41566,0.580885,-0.002835,0.270251,0.605962,-0.00765,0.363533,0.525916,-0.009516,0.40724,0.550771,-0.011165,0.428198,0.592791,-0.012293,0.29686,0.641226,-0.029658,0.382134,0.546924,-0.028845,0.421901,0.573375,-0.021503,0.438666,0.612156,-0.016402,0.333133,0.696343,-0.049907,0.399625,0.606679,-0.04272,0.430687,0.609608,-0.027823,0.445827,0.626579,-0.016581,150.247,136.496,127.602,139.783,156.317,149.303,148.057,150.803,165.425,4,
2026-10-09T17:38:26.985,3056,Left,4 fingers open,kanan,376.055,491.359,46.922,0.068,46.922,0.036658,93.489,0,1,1,1,1,0.253472,0.895645,0.0,0.252073,0.765256,0.030574,0.273177,0.668165,0.030232,0.311604,0.613309,0.021873,0.349378,0.599746,0.013204,0.264127,0.576495,0.002616,0.354294,0.522401,-0.004258,0.398693,0.541745,-0.004121,0.421187,0.576019,-0.001645,0.286431,0.594603,-0.021328,0.38213,0.514206,-0.021519,0.422707,0.535343,-0.01572,0.442063,0.571002,-0.011402,0.315733,0.639607,-0.041789,0.403474,0.549422,-0.040204,0.440855,0.567851,-0.029427,0.456708,0.596382,-0.022116,0.349201,0.705869,-0.05969,0.415537,0.616502,-0.05279,0.445049,0.61074,-0.036931,0.459541,0.615632,-0.024626,147.583,138.376,134.465,149.113,153.17,150.31,150.149,162.982,152.653,4,
2026-10-09T17:38:27.102,3057,Left,4 fingers open,kanan,387.903,484.086,63.675,-20.322,66.839,0.052218,87.141,0,1,1,1,1,0.259135,0.883454,0.0,0.25859,0.752309,0.029879,0.282115,0.654646,0.030371,0.32454,0.600706,0.02351,0.363997,0.592008,0.016397,0.270087,0.566194,0.005605,0.359206,0.515103,-0.000321,0.404059,0.533632,-0.001736,0.43043,0.565556,-0.001445,0.297113,0.583541,-0.01724,0.388842,0.501576,-0.016927,0.431385,0.513802,-0.013103,0.455811,0.538924,-0.010752,0.327735,0.629492,-0.036654,0.41055,0.536153,-0.033361,0.448995,0.543338,-0.022754,0.469383,0.558327,-0.016693,0.361178,0.699027,-0.053771,0.423534,0.61405,-0.044684,0.452954,0.601138,-0.028231,0.470637,0.594631,-0.016373,149.045,144.132,141.625,156.395,158.83,159.132,163.534,177.827,151.498,4,
2026-10-09T17:38:27.210,3058,Left,4 fingers open,kanan,394.581,484.561,62.637,-11.696,63.719,0.049781,89.814,0,1,1,1,1,0.264297,0.88512,0.0,0.263303,0.752481,0.033949,0.285332,0.653917,0.036516,0.325294,0.596497,0.031469,0.364745,0.58789,0.026172,0.276671,0.56555,0.005782,0.364472,0.515254,0.003631,0.409722,0.535547,0.006676,0.434117,0.569165,0.00988,0.302808,0.583065,-0.018139,0.396013,0.501789,-0.01489,0.439441,0.512736,-0.009047,0.464005,0.534824,-0.005827,0.33219,0.630358,-0.037789,0.417643,0.536608,-0.032736,0.457474,0.541044,-0.022492,0.478778,0.555073,-0.017227,0.365368,0.700917,-0.054539,0.431371,0.614871,-0.044427,0.462191,0.600218,-0.028229,0.480892,0.592116,-0.016921,147.982,145.801,144.737,158.72,156.377,161.24,163.258,178.723,148.051,4,
2026-10-09T17:38:27.326,3059,Left,3 fingers open,diam,386.007,485.68,13.18,-4.011,13.777,0.010763,86.924,0,1,1,0,1,0.258943,0.893246,0.0,0.258249,0.754679,0.037095,0.280941,0.659205,0.039734,0.320999,0.608499,0.032929,0.36086,0.597563,0.025898,0.271317,0.571917,0.014869,0.358945,0.518132,0.010777,0.403471,0.536965,0.010742,0.427293,0.572527,0.0124,0.294976,0.585676,-0.011641,0.389525,0.501346,-0.010574,0.430612,0.524802,-0.005965,0.448794,0.560449,-0.002319,0.324093,0.627373,-0.034406,0.410451,0.526325,-0.030827,0.447598,0.546868,-0.019075,0.46254,0.576545,-0.011328,0.358508,0.694565,-0.054332,0.426628,0.603198,-0.0453,0.458393,0.600828,-0.028062,0.47423,0.607152,-0.014956,147.57,135.554,129.368,145.37,153.361,150.003,149.11,164.938,153.32,4,
2026-10-09T17:38:27.462,3060,Left,4 fingers open,diam,372.69,490.679,-28.72,11.391,30.897,0.024138,106.194,0,1,1,1,1,0.252937,0.902214,0.0,0.249677,0.764393,0.043993,0.270677,0.671662,0.051209,0.306107,0.616761,0.047668,0.343596,0.598945,0.043586,0.261113,0.583373,0.023136,0.347615,0.525931,0.019141,0.394979,0.536475,0.017348,0.424176,0.563843,0.018093,0.283351,0.595622,-0.005446,0.377701,0.511573,-0.002079,0.421294,0.530556,0.002644,0.443292,0.564179,0.006139,0.311824,0.633436,-0.030034,0.398537,0.536506,-0.023961,0.437338,0.554669,-0.011574,0.455371,0.58543,-0.003489,0.346594,0.692849,-0.051466,0.413556,0.604743,-0.039702,0.445455,0.599841,-0.021424,0.462914,0.606106,-0.007443,152.38,139.621,133.087,148.435,159.337,153.076,150.937,163.65,153.892,4,
2026-10-09T17:38:27.586,3061,Left,4 fingers open,diam,372.494,491.569,-19.217,9.895,21.615,0.016887,94.238,0,1,1,1,1,0.252866,0.904379,0.0,0.253013,0.771551,0.043052,0.274352,0.677843,0.050094,0.311861,0.624364,0.046881,0.350372,0.607515,0.043251,0.261293,0.584366,0.022153,0.34748,0.527924,0.019611,0.393964,0.541223,0.018911,0.421215,0.571885,0.019974,0.283121,0.595878,-0.005734,0.376867,0.513454,-0.001381,0.420052,0.532514,0.002574,0.441231,0.568295,0.004759,0.311353,0.634339,-0.02948,0.397106,0.539472,-0.02305,0.436203,0.558045,-0.012378,0.454236,0.591482,-0.006064,0.34642,0.69471,-0.04995,0.412185,0.607086,-0.038634,0.443261,0.601735,-0.021922,0.460286,0.608114,-0.009536,150.635,139.743,133.146,148.682,156.812,150.401,148.756,162.566,155.097,4,
2026-10-09T17:38:27.712,3062,Left,4 fingers open,diam,371.967,489.26,-13.967,-0.034,13.967,0.010912,81.512,0,1,1,1,1,0.251719,0.901024,0.0,0.261266,0.776892,0.050812,0.285929,0.688899,0.061815,0.325341,0.640253,0.060883,0.364584,0.623152,0.059373,0.262451,0.583322,0.033424,0.348978,0.52852,0.0352,0.394893,0.544835,0.035354,0.422333,0.575437,0.036173,0.282816,0.593579,0.002153,0.377155,0.514617,0.0115,0.420367,0.535086,0.015688,0.441681,0.571113,0.016691,0.310335,0.631122,-0.024517,0.397076,0.537716,-0.013089,0.436479,0.558107,-0.001656,0.454136,0.5913,0.003558,0.345675,0.68859,-0.047517,0.412516,0.603204,-0.032067,0.443547,0.600583,-0.013407,0.459689,0.609114,-0.000847,149.088,139.869,132.567,147.021,159.202,151.364,149.63,160.722,159.0,4,
2026-10-09T17:38:27.836,3063,Left,3 fingers open,diam,366.141,488.344,-23.538,-2.294,23.649,0.018476,95.453,0,1,1,0,1,0.242974,0.89985,0.0,0.243068,0.765844,0.045682,0.266022,0.673591,0.054461,0.302678,0.621452,0.051817,0.339962,0.605264,0.048253,0.255266,0.584226,0.030242,0.339101,0.527331,0.029743,0.38414,0.538748,0.029552,0.411641,0.568693,0.030826,0.279811,0.593256,0.000809,0.368019,0.513454,0.00737,0.409115,0.533272,0.01159,0.429135,0.570657,0.013933,0.309006,0.628165,-0.024694,0.390765,0.535165,-0.016709,0.426956,0.557888,-0.005211,0.44202,0.592555,0.001597,0.343183,0.685782,-0.046986,0.406441,0.599374,-0.034719,0.437086,0.597322,-0.017105,0.45248,0.606645,-0.004023,150.991,137.853,127.935,144.62,156.628,148.767,147.138,159.029,155.061,4,
2026-10-09T17:38:27.950,3064,Left,3 fingers open,kiri,356.749,490.302,-45.46,4.794,45.712,0.035712,92.793,0,1,1,0,1,0.237336,0.900711,0.0,0.237852,0.763707,0.045558,0.260724,0.671131,0.053198,0.297948,0.620552,0.049755,0.334854,0.606175,0.045602,0.249089,0.582048,0.026643,0.335008,0.528651,0.02635,0.379184,0.541735,0.027594,0.404756,0.572016,0.030022,0.2727,0.594514,-0.002505,0.364264,0.515242,0.004145,0.403876,0.537257,0.010743,0.421642,0.572914,0.014976,0.300891,0.632851,-0.027416,0.386556,0.539442,-0.018468,0.42107,0.562176,-0.003945,0.433475,0.594816,0.004857,0.333534,0.694749,-0.049091,0.399947,0.607209,-0.035405,0.429289,0.609155,-0.015236,0.442355,0.621112,-0.000266,151.273,136.673,128.147,141.309,155.792,148.895,144.376,154.897,154.969,4,
2026-10-09T17:38:28.082,3065,Left,4 fingers open,diam,359.444,487.743,-22.001,-4.05,22.371,0.017477,81.471,0,1,1,1,1,0.240143,0.892009,0.0,0.245634,0.760366,0.038044,0.269394,0.666755,0.041154,0.310124,0.61553,0.035025,0.349929,0.601248,0.028805,0.250236,0.57752,0.01196,0.341224,0.525296,0.009095,0.387539,0.546786,0.010963,0.412809,0.583705,0.013919,0.273008,0.590768,-0.014555,0.370166,0.509884,-0.011962,0.412637,0.530811,-0.006261,0.433301,0.566753,-0.002554,0.302486,0.63153,-0.036787,0.391691,0.536103,-0.031196,0.429166,0.556896,-0.018908,0.444715,0.586592,-0.011689,0.338205,0.695273,-0.056021,0.407117,0.607595,-0.044183,0.434751,0.607992,-0.025493,0.446793,0.617023,-0.012187,147.48,139.416,131.63,143.946,155.214,151.117,150.283,157.591,156.133,4,
2026-10-09T17:38:28.216,3066,Left,4 fingers open,diam,368.945,481.396,9.281,-18.386,20.595,0.01609,73.096,0,1,1,1,1,0.246484,0.879274,0.0,0.248693,0.747118,0.037577,0.271004,0.651517,0.041177,0.311963,0.600219,0.036602,0.351281,0.591863,0.031819,0.254135,0.565487,0.00791,0.3433,0.516604,0.006834,0.385795,0.540311,0.011688,0.407872,0.578253,0.016458,0.28111,0.581634,-0.017415,0.376314,0.49456,-0.014432,0.416517,0.511212,-0.006815,0.436556,0.542942,-0.001546,0.312374,0.625011,-0.038035,0.399708,0.523094,-0.032572,0.436802,0.536091,-0.020176,0.452412,0.559545,-0.012765,0.347086,0.691623,-0.055326,0.413866,0.600416,-0.043633,0.440912,0.59639,-0.025205,0.452929,0.600639,-0.01215,145.439,139.661,135.569,147.253,153.391,151.423,150.947,163.963,151.653,4,
2026-10-09T17:38:28.335,3067,Left,4 fingers open,diam,374.359,479.922,21.193,-16.078,26.601,0.020782,81.681,0,1,1,1,1,0.247517,0.888077,0.0,0.249167,0.752815,0.03912,0.27341,0.650851,0.044182,0.314543,0.595435,0.040158,0.353153,0.587662,0.036031,0.260766,0.558133,0.016366,0.349061,0.510656,0.016204,0.393586,0.533787,0.019805,0.416372,0.572217,0.023758,0.286682,0.573902,-0.009885,0.381662,0.493005,-0.005164,0.423558,0.510915,0.002185,0.44429,0.541425,0.007357,0.316576,0.620239,-0.031924,0.403453,0.525397,-0.025182,0.441005,0.539499,-0.012045,0.457306,0.562809,-0.00394,0.350798,0.692442,-0.050892,0.417435,0.600271,-0.03779,0.447164,0.593205,-0.01821,0.462104,0.595515,-0.00415,146.883,140.88,136.519,149.73,152.797,153.904,153.118,167.414,149.305,4,
2026-10-09T17:38:28.452,3068,Left,3 fingers open,diam,369.13,481.53,-3.014,-5.289,6.087,0.004756,88.935,0,1,1,0,1,0.244342,0.888746,0.0,0.246475,0.748328,0.041545,0.27069,0.655029,0.046063,0.3092,0.604839,0.039891,0.348027,0.591614,0.033517,0.258779,0.5662,0.022526,0.346098,0.510805,0.018566,0.391021,0.526347,0.01698,0.415658,0.563305,0.018114,0.281809,0.581083,-0.005793,0.375124,0.494639,-0.002824,0.415494,0.517439,0.001771,0.432875,0.555103,0.005341,0.310948,0.621965,-0.030342,0.396944,0.52183,-0.023368,0.432777,0.543712,-0.010033,0.445481,0.576899,-0.001631,0.346037,0.685962,-0.052025,0.412807,0.594343,-0.038033,0.441914,0.594239,-0.017573,0.454062,0.605716,-0.00263,149.349,134.853,127.818,142.453,150.853,146.989,143.195,151.899,154.601,4,
2026-10-09T17:38:28.566,3069,Left,3 fingers open,diam,361.615,482.68,-23.002,-0.216,23.003,0.017971,90.35,0,1,1,0,1,0.238577,0.895688,0.0,0.23682,0.753571,0.043854,0.261963,0.657263,0.051061,0.301027,0.606835,0.047051,0.338065,0.594616,0.042737,0.252754,0.571202,0.029813,0.337187,0.515968,0.029195,0.38107,0.528656,0.029585,0.406117,0.561294,0.031639,0.276723,0.582935,0.001228,0.366961,0.498821,0.007443,0.405401,0.52162,0.013204,0.421843,0.557037,0.017351,0.30542,0.620426,-0.023669,0.390095,0.525413,-0.014929,0.424202,0.549634,-0.000947,0.436006,0.582851,0.007895,0.339083,0.681694,-0.045678,0.405334,0.593871,-0.031393,0.435448,0.593841,-0.011449,0.448796,0.603285,0.003345,150.56,133.881,125.966,143.322,152.998,147.983,144.059,158.266,154.529,4,
2026-10-09T17:38:28.680,3070,Left,peace,diam,356.668,486.294,-30.689,11.357,32.724,0.025565,78.618,0,1,1,0,0,0.241608,0.895948,0.0,0.244619,0.761892,0.047055,0.267988,0.670268,0.054649,0.307435,0.618046,0.050697,0.346831,0.600355,0.046178,0.247531,0.578988,0.024498,0.335056,0.515549,0.023605,0.380174,0.531022,0.024585,0.405078,0.565711,0.026984,0.269585,0.590928,-0.005808,0.365644,0.502397,0.000303,0.405964,0.529517,0.006046,0.420883,0.569879,0.009034,0.299225,0.627641,-0.031442,0.38901,0.524452,-0.022296,0.423308,0.557786,-0.008409,0.431963,0.601465,-0.000756,0.335288,0.683535,-0.053634,0.405073,0.589969,-0.039308,0.432353,0.602792,-0.018921,0.44124,0.62712,-0.004658,146.9,131.873,118.453,128.167,152.841,144.034,138.071,137.811,157.502,4,
2026-10-09T17:38:28.953,3071,Left,4 fingers open,kiri,325.294,499.109,-66.877,26.55,71.954,0.056214,70.691,0,1,1,1,1,0.209571,0.90767,0.0,0.211566,0.778644,0.054615,0.233006,0.688962,0.069676,0.269382,0.644019,0.071781,0.308066,0.63236,0.071951,0.220989,0.607668,0.046425,0.294262,0.547313,0.059734,0.333971,0.554346,0.070419,0.354018,0.577897,0.077498,0.247089,0.610948,0.015529,0.324774,0.523472,0.033426,0.363557,0.528391,0.042924,0.384335,0.555242,0.047217,0.278312,0.642507,-0.010834,0.350883,0.54009,0.007128,0.388264,0.544346,0.019661,0.406922,0.565293,0.024505,0.314717,0.69724,-0.033317,0.369415,0.604704,-0.014092,0.399472,0.593306,0.00383,0.417325,0.595434,0.015038,149.45,143.57,137.891,148.462,152.232,148.067,151.393,164.122,154.823,4,
2026-10-09T17:38:29.085,3072,Left,4 fingers open,bawah-kiri,267.537,531.757,-173.052,90.506,195.291,0.152571,95.712,0,1,1,1,1,0.174584,0.958909,0.0,0.259372,0.899584,0.012559,0.306365,0.821375,0.0112,0.344632,0.770739,0.001748,0.367856,0.714486,-0.007078,0.210955,0.659177,0.022521,0.274961,0.57144,0.008565,0.327361,0.568617,-0.006435,0.362967,0.581837,-0.016498,0.204854,0.659325,0.003111,0.281397,0.54433,-0.011155,0.336978,0.547087,-0.024948,0.373189,0.576508,-0.033105,0.214723,0.684188,-0.017467,0.285559,0.56877,-0.028847,0.342287,0.561819,-0.034837,0.379738,0.58313,-0.037365,0.23995,0.731157,-0.038224,0.294086,0.63455,-0.04444,0.335862,0.608574,-0.044182,0.367793,0.609264,-0.043281,144.101,138.201,141.437,154.169,166.469,157.036,158.308,160.026,162.937,4,
2026-10-09T17:38:29.203,3073,Left,3 fingers open,bawah-kiri,292.099,541.62,-43.711,86.445,96.868,0.075678,113.519,0,1,1,0,1,0.17875,0.981149,0.0,0.252088,0.94473,0.021903,0.304805,0.857322,0.027195,0.341966,0.799162,0.022229,0.380918,0.768387,0.01725,0.260853,0.689447,0.038937,0.299413,0.600637,0.027813,0.342755,0.594553,0.01421,0.37557,0.611009,0.005041,0.242806,0.680414,0.013801,0.286085,0.557176,0.000557,0.33783,0.543129,-0.012351,0.375059,0.564455,-0.019509,0.230644,0.690548,-0.013191,0.275398,0.564214,-0.027924,0.332697,0.556765,-0.035918,0.373954,0.579571,-0.039108,0.227958,0.71969,-0.039601,0.272727,0.624611,-0.052919,0.317097,0.605374,-0.056934,0.353939,0.60972,-0.057979,132.18,130.659,126.384,143.637,159.731,153.458,158.544,162.499,162.603,4,
2026-10-09T17:38:29.338,3074,Left,pinch / OK,bawah-kanan,318.356,545.43,45.11,66.858,80.652,0.06301,63.415,0,0,0,0,1,0.186608,0.981221,0.0,0.261336,0.944005,0.026639,0.312376,0.861611,0.034664,0.353723,0.804337,0.030561,0.395589,0.773062,0.026318,0.28823,0.71101,0.046635,0.328638,0.635466,0.034108,0.368295,0.651349,0.019743,0.394156,0.685022,0.011297,0.271338,0.691472,0.01826,0.305581,0.561321,0.002052,0.356535,0.562894,-0.0119,0.38973,0.603149,-0.017876,0.254134,0.693067,-0.012425,0.285765,0.560079,-0.030826,0.341825,0.571576,-0.040557,0.380946,0.612064,-0.043003,0.243269,0.710936,-0.041968,0.277462,0.607579,-0.058926,0.321351,0.593835,-0.065214,0.358936,0.606965,-0.066832,120.863,114.073,106.34,130.451,156.476,146.695,156.375,158.892,164.867,4,
2026-10-09T17:38:29.518,3075,Left,4 fingers open,diam,362.443,441.459,0.0,0.0,0.0,0.0,57.109,0,1,1,1,1,0.248564,0.739549,0.0,0.297196,0.716185,0.018914,0.324808,0.684142,0.020427,0.344427,0.667241,0.015003,0.361434,0.658357,0.008108,0.298009,0.568496,0.013658,0.34548,0.558662,0.003069,0.374674,0.580078,-0.007019,0.393551,0.603299,-0.01399,0.290795,0.563517,-0.004736,0.353645,0.54833,-0.016238,0.383445,0.575244,-0.024415,0.399047,0.604827,-0.029068,0.288306,0.580362,-0.022716,0.346242,0.54987,-0.033143,0.378394,0.571998,-0.037185,0.397592,0.598907,-0.038797,0.290121,0.613765,-0.039341,0.332298,0.587898,-0.047082,0.360087,0.595836,-0.04758,0.380069,0.612232,-0.047231,150.931,145.328,142.347,151.838,167.743,160.086,162.908,164.353,170.522,5,
2026-10-09T17:38:29.537,3075,Left,pinch / OK,bawah-kanan,328.202,552.797,53.761,61.744,81.87,0.063961,45.162,0,0,0,0,1,0.201417,1.000491,0.0,0.277816,0.95098,0.030251,0.32481,0.8509,0.041476,0.363464,0.783403,0.038772,0.407674,0.753932,0.035653,0.291239,0.71911,0.062573,0.335044,0.649541,0.053489,0.377271,0.660735,0.039652,0.404926,0.691397,0.030651,0.275931,0.700219,0.032316,0.319975,0.574972,0.015708,0.37193,0.586484,-0.002048,0.404189,0.637581,-0.009991,0.260782,0.700942,-0.000685,0.303559,0.564758,-0.017283,0.360768,0.583598,-0.029937,0.399971,0.634314,-0.034685,0.25267,0.718107,-0.03262,0.294567,0.614138,-0.046895,0.341253,0.602328,-0.054826,0.38039,0.620546,-0.058647,129.744,114.907,108.686,133.716,156.53,145.405,154.451,157.229,156.069,4,
2026-10-09T17:38:29.669,3076,Left,4 fingers open,diam,357.726,441.882,-8.133,0.729,8.166,0.006379,51.146,0,1,1,1,1,0.242351,0.755818,0.0,0.284076,0.736502,0.036109,0.310448,0.693152,0.049704,0.333059,0.668831,0.052352,0.356729,0.651694,0.053121,0.292944,0.583636,0.052845,0.342038,0.594516,0.057303,0.373495,0.624793,0.052792,0.396685,0.651006,0.048455,0.287248,0.568257,0.029604,0.349449,0.585432,0.031301,0.381135,0.625676,0.02305,0.400599,0.668486,0.016894,0.285569,0.572955,0.007166,0.347332,0.577743,0.007346,0.381315,0.617115,0.001675,0.400748,0.65812,-0.002417,0.289254,0.587959,-0.013024,0.339933,0.574084,-0.010958,0.371099,0.58893,-0.010205,0.393447,0.610148,-0.010332,158.673,153.286,149.403,156.245,175.982,164.49,163.209,166.896,170.984,5,
2026-10-09T17:38:29.686,3076,Left,pinch / OK,bawah-kanan,327.364,556.154,33.5,45.922,56.843,0.044409,48.316,0,1,0,0,1,0.201618,1.004782,0.0,0.275607,0.955633,0.022127,0.320874,0.857471,0.03181,0.356776,0.790816,0.030007,0.392313,0.744335,0.027795,0.293387,0.731436,0.050895,0.338092,0.658354,0.039928,0.376282,0.657925,0.025529,0.400037,0.678649,0.016736,0.276749,0.709633,0.025998,0.323641,0.600348,0.005671,0.371205,0.611694,-0.014959,0.400457,0.658115,-0.024345,0.259791,0.704312,-0.001684,0.302431,0.572598,-0.020643,0.355272,0.584475,-0.036731,0.393161,0.629405,-0.043701,0.247223,0.712019,-0.028584,0.285178,0.604367,-0.045488,0.331365,0.579547,-0.057095,0.373429,0.589316,-0.063483,137.762,119.694,112.716,138.899,153.501,145.888,153.501,155.738,170.102,4,
2026-10-09T17:38:29.809,3077,Left,pinch / OK,bawah,357.674,455.762,-5.417,34.927,35.345,0.027613,23.158,1,1,1,1,1,0.246076,0.765676,0.0,0.284784,0.783166,0.031395,0.319842,0.767338,0.043944,0.349771,0.740934,0.046529,0.381115,0.713665,0.047818,0.291564,0.638206,0.063397,0.335304,0.635778,0.070374,0.3688,0.662058,0.065559,0.394407,0.691842,0.060975,0.286786,0.60261,0.044124,0.343951,0.609245,0.049617,0.37919,0.646215,0.039,0.402481,0.687138,0.030114,0.284419,0.582791,0.024271,0.340369,0.579609,0.025714,0.378453,0.615631,0.017538,0.402579,0.659273,0.011037,0.288317,0.575732,0.00635,0.334478,0.564163,0.008264,0.369162,0.587118,0.006869,0.39321,0.618245,0.004803,154.398,153.19,150.152,151.556,170.618,165.883,162.517,164.362,179.684,5,
2026-10-09T17:38:29.824,3077,Left,pinch / OK,bawah-kanan,330.703,555.136,30.064,27.323,40.625,0.031738,42.75,0,1,0,0,1,0.204199,1.000131,0.0,0.279225,0.95382,0.025906,0.323679,0.855892,0.039121,0.358662,0.786471,0.039563,0.393087,0.732686,0.039197,0.295616,0.733824,0.062697,0.335382,0.661938,0.055949,0.373102,0.657176,0.042646,0.398447,0.67408,0.033804,0.279734,0.710563,0.035672,0.321321,0.599279,0.018915,0.368276,0.606174,-0.002363,0.39808,0.651536,-0.012595,0.262523,0.70271,0.005627,0.300962,0.570263,-0.010529,0.35339,0.577445,-0.027485,0.391127,0.618457,-0.035559,0.249739,0.707886,-0.023557,0.283481,0.59562,-0.038728,0.327456,0.572254,-0.04994,0.36757,0.584101,-0.056301,138.584,118.877,112.885,134.757,155.372,144.154,152.968,153.928,173.165,4,
2026-10-09T17:38:29.948,3078,Left,pinch / OK,bawah,344.957,482.538,-35.312,89.644,96.348,0.075272,20.942,1,1,1,1,1,0.24059,0.801638,0.0,0.287344,0.8166,0.020311,0.322798,0.793603,0.026556,0.350072,0.753264,0.023049,0.38151,0.709221,0.01822,0.280228,0.685805,0.067906,0.319128,0.657977,0.075268,0.354496,0.664023,0.070078,0.380984,0.68015,0.065698,0.277173,0.649648,0.053417,0.327605,0.620304,0.05956,0.36597,0.635369,0.045643,0.393343,0.666899,0.034876,0.274745,0.619372,0.03667,0.325649,0.581531,0.043468,0.365009,0.601198,0.032873,0.391462,0.637661,0.023947,0.274753,0.594499,0.020363,0.317337,0.551763,0.029599,0.352016,0.561377,0.028589,0.376881,0.588122,0.025884,152.588,149.421,141.61,141.691,166.588,159.516,157.91,157.689,178.481,5,
2026-10-09T17:38:29.961,3078,Left,pinch / OK,diam,328.141,551.65,13.134,9.045,15.948,0.012459,41.497,0,1,0,0,1,0.211041,0.996738,0.0,0.281721,0.944991,0.019918,0.321219,0.845461,0.032018,0.349435,0.772329,0.033058,0.377658,0.711859,0.034125,0.289711,0.725796,0.056297,0.327593,0.648019,0.047555,0.366256,0.643425,0.034375,0.391835,0.660027,0.026612,0.274772,0.706027,0.033303,0.313871,0.591637,0.015192,0.360866,0.603309,-0.005547,0.390056,0.649953,-0.014649,0.259157,0.699113,0.006954,0.292367,0.570764,-0.010138,0.344584,0.582833,-0.025918,0.382051,0.625567,-0.032219,0.247118,0.70323,-0.019029,0.275903,0.590345,-0.032273,0.317059,0.56401,-0.041455,0.355087,0.570651,-0.046252,134.712,113.332,107.295,134.182,156.12,146.003,154.724,154.594,174.763,4,
2026-10-09T17:38:30.078,3079,Left,pinch / OK,bawah,337.162,520.217,-44.779,163.769,169.78,0.132641,23.723,0,1,1,0,1,0.245274,0.897946,0.0,0.30406,0.876306,0.035587,0.333251,0.816019,0.052711,0.351874,0.753235,0.055226,0.381664,0.702448,0.055618,0.2788,0.716195,0.101072,0.314205,0.657716,0.114399,0.350609,0.655946,0.110264,0.37617,0.670981,0.105131,0.270047,0.686797,0.074078,0.310707,0.611175,0.081436,0.352613,0.614248,0.064549,0.382953,0.649481,0.052339,0.263364,0.662836,0.043795,0.300957,0.577505,0.049101,0.346506,0.581638,0.036455,0.379414,0.611124,0.026461,0.259554,0.648845,0.014371,0.295979,0.568473,0.01855,0.335391,0.565269,0.015418,0.36751,0.58391,0.011633,138.671,131.346,125.147,131.476,160.128,149.208,156.174,159.304,161.603,5,
2026-10-09T17:38:30.090,3079,Left,pinch / OK,diam,325.355,556.85,0.738,20.438,20.451,0.015978,38.045,0,1,0,0,1,0.213129,1.00035,0.0,0.284028,0.945187,0.023686,0.322106,0.847237,0.035878,0.350754,0.773254,0.035982,0.379803,0.710812,0.035815,0.289195,0.735543,0.063078,0.326039,0.659252,0.057029,0.361904,0.649412,0.043827,0.387152,0.659612,0.034992,0.27178,0.713723,0.037889,0.310186,0.602084,0.022273,0.355117,0.601281,0.001115,0.385593,0.637171,-0.00935,0.254226,0.706207,0.009482,0.28892,0.57715,-0.005648,0.339428,0.578502,-0.021768,0.377385,0.612103,-0.029287,0.242589,0.711191,-0.018294,0.275007,0.601826,-0.031116,0.315671,0.571826,-0.040634,0.353871,0.574089,-0.046086,139.422,122.025,114.681,140.325,158.423,145.903,154.392,155.554,174.95,4,
2026-10-09T17:38:30.180,3080,Left,pinch / OK,diam,325.681,554.475,1.288,7.388,7.5,0.005859,40.209,0,1,0,0,1,0.213251,0.996104,0.0,0.281226,0.939374,0.019651,0.320834,0.843966,0.029693,0.350287,0.772314,0.028717,0.380494,0.710385,0.027669,0.287793,0.733647,0.056857,0.326129,0.658194,0.049404,0.362226,0.647205,0.036119,0.388372,0.656324,0.027567,0.272036,0.711769,0.033838,0.311013,0.603002,0.018848,0.355129,0.599115,-0.000527,0.385883,0.632224,-0.010234,0.255557,0.703462,0.007352,0.291803,0.576692,-0.007069,0.340843,0.574635,-0.021743,0.377625,0.607389,-0.028626,0.243554,0.705535,-0.018889,0.272511,0.595302,-0.03117,0.312498,0.565691,-0.039652,0.350538,0.57168,-0.044267,141.806,125.338,118.296,137.646,159.184,145.964,152.042,152.326,175.227,4,
2026-10-09T17:38:30.290,3081,Left,pinch / OK,diam,324.839,557.257,-2.939,17.288,17.536,0.0137,31.914,0,1,0,0,1,0.217284,1.00213,0.0,0.285484,0.938249,0.023317,0.323167,0.840475,0.033821,0.352283,0.769723,0.032358,0.383685,0.709544,0.030779,0.287094,0.732768,0.061316,0.326475,0.65859,0.054167,0.363107,0.651951,0.040153,0.388951,0.666219,0.031215,0.269779,0.713373,0.03636,0.311347,0.606103,0.021201,0.356728,0.605493,0.000647,0.387505,0.641652,-0.009583,0.252807,0.707782,0.008224,0.290928,0.582236,-0.005847,0.34163,0.582684,-0.020863,0.379215,0.617344,-0.027827,0.241941,0.713788,-0.019361,0.274939,0.606708,-0.030976,0.315137,0.575366,-0.039269,0.352398,0.577278,-0.043791,139.165,124.996,118.076,142.397,156.928,146.108,152.868,154.666,173.337,4,
2026-10-09T17:38:30.431,3082,Left,4 fingers open,diam,355.222,467.568,0.0,0.0,0.0,0.0,39.98,0,1,1,1,1,0.244531,0.780106,0.0,0.280564,0.768062,0.035279,0.307862,0.731043,0.053434,0.32756,0.70162,0.06015,0.349234,0.672037,0.065271,0.290423,0.655467,0.076214,0.329315,0.64951,0.087896,0.358273,0.665819,0.084847,0.379816,0.683329,0.081675,0.28524,0.625636,0.056623,0.334604,0.622874,0.066305,0.365009,0.645606,0.054874,0.387082,0.678024,0.045449,0.283077,0.601768,0.036327,0.3351,0.590222,0.043344,0.367826,0.61603,0.031945,0.389942,0.652915,0.022858,0.284315,0.584026,0.01807,0.329232,0.564378,0.025462,0.360519,0.581058,0.02384,0.384108,0.609465,0.021167,157.497,155.388,148.963,149.484,173.01,163.248,160.749,162.579,177.479,6,
2026-10-09T17:38:30.450,3082,Left,pinch / OK,diam,329.544,559.175,13.198,17.396,21.836,0.017059,39.875,0,1,0,0,1,0.21612,0.999497,0.0,0.284646,0.941547,0.020867,0.32198,0.846363,0.031018,0.351356,0.77627,0.029727,0.381568,0.715224,0.028265,0.291466,0.740242,0.058207,0.329363,0.66573,0.05091,0.363603,0.65382,0.037547,0.387718,0.660932,0.028991,0.275473,0.71947,0.035283,0.317028,0.615931,0.021038,0.359687,0.611883,0.002437,0.389691,0.641394,-0.006879,0.258542,0.711384,0.008883,0.297481,0.58814,-0.005162,0.34585,0.586348,-0.019063,0.382158,0.619216,-0.025191,0.245683,0.712567,-0.017157,0.278746,0.607441,-0.029191,0.319059,0.580526,-0.037207,0.356575,0.587908,-0.041231,143.191,128.564,120.517,139.794,159.51,147.991,151.82,153.101,175.347,4,
2026-10-09T17:38:30.582,3083,Left,pinch / OK,bawah-kiri,319.25,483.828,-73.2,33.087,80.33,0.062758,30.188,1,1,1,1,1,0.222581,0.810145,0.0,0.262687,0.80774,0.009658,0.302107,0.771992,0.015948,0.335727,0.736783,0.015372,0.363339,0.699768,0.014746,0.268663,0.681391,0.051617,0.304668,0.650096,0.053685,0.337934,0.649937,0.047275,0.363181,0.657841,0.042758,0.261482,0.649797,0.042174,0.304905,0.618808,0.044411,0.339284,0.621953,0.034229,0.368227,0.633714,0.026004,0.252072,0.621028,0.029119,0.300319,0.590272,0.027936,0.335914,0.600694,0.018422,0.362341,0.622011,0.011676,0.242272,0.597557,0.015862,0.288966,0.573534,0.01609,0.32301,0.58423,0.013487,0.349544,0.605681,0.011244,154.1,155.183,150.921,153.838,169.857,170.069,164.946,165.568,173.485,6,
2026-10-09T17:38:30.598,3083,Left,pinch / OK,kiri,286.03,554.161,-79.969,1.104,79.977,0.062482,42.854,0,1,0,0,1,0.170191,0.991318,0.0,0.241115,0.95145,-0.000327,0.292366,0.860255,0.002256,0.328443,0.781545,-0.001579,0.363903,0.717445,-0.004761,0.262364,0.736241,0.037802,0.300168,0.666079,0.02553,0.339943,0.652826,0.009222,0.370622,0.659136,-0.001157,0.246306,0.712327,0.024789,0.281084,0.609886,0.00763,0.327116,0.600999,-0.01234,0.363372,0.624245,-0.022905,0.228216,0.702735,0.007045,0.257062,0.584075,-0.01166,0.309056,0.578981,-0.027057,0.352452,0.608353,-0.033361,0.210225,0.705718,-0.01198,0.239146,0.600983,-0.028071,0.282717,0.577905,-0.036631,0.324488,0.58973,-0.039987,144.382,127.311,116.527,132.737,162.785,153.97,156.003,154.362,174.653,4,
2026-10-09T17:38:30.715,3084,Left,pinch / OK,kiri,230.167,554.824,-190.645,2.364,190.66,0.148953,54.203,0,1,0,0,1,0.13471,0.999964,0.0,0.202499,0.955257,-0.005912,0.2577,0.866893,-0.007805,0.300581,0.795294,-0.01511,0.336365,0.725308,-0.021483,0.22066,0.730369,0.03166,0.261128,0.655392,0.014515,0.303648,0.643218,-0.005578,0.33867,0.650138,-0.018421,0.202068,0.707874,0.019273,0.236383,0.600143,-0.002829,0.284837,0.589284,-0.026246,0.324473,0.61634,-0.038825,0.181044,0.701624,0.001576,0.21109,0.583486,-0.019694,0.26534,0.570069,-0.035904,0.312555,0.594259,-0.042785,0.16061,0.713112,-0.018003,0.185462,0.610237,-0.035624,0.225793,0.574951,-0.045046,0.266185,0.575819,-0.049209,142.965,126.706,122.249,139.446,164.51,151.809,156.004,153.104,175.475,4,
2026-10-09T17:38:30.841,3085,Left,3 fingers open,kiri,144.633,557.587,-363.415,9.274,363.533,0.28401,72.262,0,1,1,0,1,0.060857,0.999063,0.0,0.132622,0.961978,-0.012297,0.193012,0.873201,-0.010798,0.221438,0.784911,-0.013529,0.23069,0.702277,-0.016129,0.165672,0.749907,0.025442,0.203522,0.66441,0.007147,0.243904,0.646677,-0.012509,0.278568,0.649098,-0.024352,0.142896,0.720403,0.017605,0.181923,0.617746,-0.002666,0.225958,0.606611,-0.026038,0.264603,0.627155,-0.039606,0.114753,0.703557,0.004043,0.145719,0.590649,-0.016808,0.191392,0.576899,-0.035811,0.23177,0.601036,-0.045048,0.080796,0.699205,-0.01191,0.106733,0.59089,-0.028935,0.144461,0.56233,-0.039543,0.182648,0.574887,-0.044755,142.079,132.148,125.604,136.125,163.875,155.257,151.804,146.455,161.47,4,
2026-10-09T17:38:30.968,3086,Left,pinch / OK,kiri,54.981,549.815,-487.245,-15.733,487.499,0.380859,55.39,0,1,1,1,1,0.008635,0.99746,1e-06,0.072503,0.940017,-0.01149,0.127933,0.845273,-0.007968,0.156927,0.757096,-0.007975,0.178441,0.685578,-0.005949,0.089228,0.723345,0.048682,0.115834,0.634876,0.040222,0.148081,0.610049,0.023859,0.177005,0.60869,0.013423,0.064543,0.706903,0.044843,0.089844,0.610637,0.036503,0.124432,0.580972,0.01628,0.157387,0.584922,0.002827,0.039367,0.696062,0.033975,0.065434,0.603783,0.021974,0.101734,0.580097,0.00738,0.132797,0.593035,5e-06,0.012999,0.694394,0.020473,0.039068,0.614209,0.010245,0.067374,0.58765,0.004344,0.094615,0.590786,0.001961,141.547,140.798,136.82,147.853,158.099,150.388,146.66,148.471,177.828,4,
2026-10-09T17:38:40.448,3200,Right,fist,diam,125.156,524.187,0.0,0.0,0.0,0.0,42.865,0,0,0,0,0,0.005417,0.671269,-1e-06,0.068305,0.623105,-0.026371,0.131361,0.579034,-0.050965,0.170406,0.540903,-0.073205,0.189538,0.5301,-0.092573,0.200711,0.705726,-0.055227,0.212419,0.583275,-0.092551,0.181151,0.529407,-0.111995,0.156117,0.526347,-0.121976,0.154246,0.742299,-0.062258,0.159764,0.595051,-0.100022,0.136172,0.565906,-0.110749,0.116576,0.589849,-0.113588,0.095264,0.760358,-0.071687,0.101033,0.631965,-0.111174,0.091293,0.65337,-0.115466,0.080522,0.713394,-0.112608,0.033252,0.760538,-0.082317,0.032042,0.68382,-0.114062,0.035266,0.69698,-0.116927,0.035914,0.740846,-0.112625,124.453,120.983,34.403,21.923,139.832,110.704,158.724,157.976,168.841,7,
